"storage_l.nrFolds","storage_q.nrFolds","storage_k1.nrFolds","storage_k3.nrFolds"
0.925613897596656,0.914119644723093,0.885710553814002,0.89139237199582
