"storage_l.nrFolds","storage_q.nrFolds","storage_k1.nrFolds","storage_k3.nrFolds"
0.925873015873016,0.925873015873016,0.943174603174603,0.909206349206349
