"storage_l.nrFolds","storage_q.nrFolds","storage_k1.nrFolds","storage_k3.nrFolds"
0.931699346405229,0.914705882352941,0.938235294117647,0.915359477124183
