"storage_l.nrFolds","storage_q.nrFolds","storage_k1.nrFolds","storage_k3.nrFolds"
0.91437908496732,0.902614379084967,0.908496732026144,0.902614379084967
