"storage_l.nrFolds","storage_q.nrFolds","storage_k1.nrFolds","storage_k3.nrFolds"
0.913987921293591,0.908338203779466,0.885641924800312,0.896843950905903
