"storage_l.nrFolds","storage_q.nrFolds","storage_k1.nrFolds","storage_k3.nrFolds"
0.926066627703098,0.926066627703098,0.943113189168128,0.914767192674849
