"storage_l.nrFolds","storage_q.nrFolds","storage_k1.nrFolds","storage_k3.nrFolds"
0.914772727272727,0.914772727272727,0.914772727272727,0.909090909090909
