"storage_l.nrFolds","storage_q.nrFolds","storage_k1.nrFolds","storage_k3.nrFolds"
0.914244186046512,0.908562367864693,0.908694503171247,0.897330866807611
