"storage_l.nrFolds","storage_q.nrFolds","storage_k1.nrFolds","storage_k3.nrFolds"
0.926136363636364,0.909090909090909,0.931818181818182,0.892045454545454
